Model,Accuracy,Precision,Recall,F1,ROC_AUC
Random Forest,0.97236529318542,0.9590163934426229,0.5707317073170731,0.7155963302752294,0.9891198743228862
XGBoost,0.973553882725832,0.9860335195530726,0.5739837398373984,0.7255909558067831,0.9868739618732544
